,param_index,index,params,mean_test_score,std_test_score,min_test_score,max_test_score,nan_test_score?
0,0,21,"{'clf__max_depth': 6, 'clf__learning_rate': 0.01, 'clf__n_estimators': 128, 'clf__colsample_bytree': 0.3}",0.8580327960443612,0.0,0.8580327960443612,0.8580327960443612,False
1,0,22,"{'clf__max_depth': 5, 'clf__learning_rate': 0.1, 'clf__n_estimators': 1024, 'clf__colsample_bytree': 0.3}",0.9724837276866777,0.0,0.9724837276866777,0.9724837276866777,False
2,0,23,"{'clf__max_depth': 10, 'clf__learning_rate': 0.05, 'clf__n_estimators': 64, 'clf__colsample_bytree': 0.1}",0.9535994636422046,0.0,0.9535994636422046,0.9535994636422046,False
3,0,24,"{'clf__max_depth': 6, 'clf__learning_rate': 0.05, 'clf__n_estimators': 1024, 'clf__colsample_bytree': 0.1}",0.7821325809425371,0.0,0.7821325809425371,0.7821325809425371,False
4,0,25,"{'clf__max_depth': 5, 'clf__learning_rate': 0.5, 'clf__n_estimators': 64, 'clf__colsample_bytree': 0.3}",0.9017794787272676,0.0,0.9017794787272676,0.9017794787272676,False
5,0,26,"{'clf__max_depth': 2, 'clf__learning_rate': 0.5, 'clf__n_estimators': 64, 'clf__colsample_bytree': 0.7}",0.8857446154705702,0.0,0.8857446154705702,0.8857446154705702,False
6,0,27,"{'clf__max_depth': 2, 'clf__learning_rate': 0.05, 'clf__n_estimators': 1024, 'clf__colsample_bytree': 0.3}",0.9017794787272676,0.0,0.9017794787272676,0.9017794787272676,False
7,0,28,"{'clf__max_depth': 5, 'clf__learning_rate': 0.05, 'clf__n_estimators': 64, 'clf__colsample_bytree': 0.7}",0.9059139033997262,0.0,0.9059139033997262,0.9059139033997262,False
8,0,29,"{'clf__max_depth': 2, 'clf__learning_rate': 0.5, 'clf__n_estimators': 1024, 'clf__colsample_bytree': 0.7}",0.9777634997346146,0.0,0.9777634997346146,0.9777634997346146,False
9,0,30,"{'clf__max_depth': 6, 'clf__learning_rate': 0.05, 'clf__n_estimators': 512, 'clf__colsample_bytree': 0.7}",0.9059139033997262,0.0,0.9059139033997262,0.9059139033997262,False
10,0,31,"{'clf__max_depth': 2, 'clf__learning_rate': 0.5, 'clf__n_estimators': 64, 'clf__colsample_bytree': 0.7}",0.8998519429002431,0.0,0.8998519429002431,0.8998519429002431,False
11,0,32,"{'clf__max_depth': 6, 'clf__learning_rate': 0.5, 'clf__n_estimators': 8, 'clf__colsample_bytree': 0.7}",0.8857446154705702,0.0,0.8857446154705702,0.8857446154705702,False
12,0,33,"{'clf__max_depth': 5, 'clf__learning_rate': 0.2, 'clf__n_estimators': 64, 'clf__colsample_bytree': 0.3}",0.9724837276866777,0.0,0.9724837276866777,0.9724837276866777,False
13,0,34,"{'clf__max_depth': 5, 'clf__learning_rate': 0.2, 'clf__n_estimators': 1024, 'clf__colsample_bytree': 0.3}",0.9017794787272676,0.0,0.9017794787272676,0.9017794787272676,False
14,0,35,"{'clf__max_depth': 2, 'clf__learning_rate': 0.05, 'clf__n_estimators': 1024, 'clf__colsample_bytree': 0.7}",0.9059139033997262,0.0,0.9059139033997262,0.9059139033997262,False
15,0,37,"{'clf__max_depth': 6, 'clf__learning_rate': 0.01, 'clf__n_estimators': 8, 'clf__colsample_bytree': 0.7}",0.8580327960443612,0.0,0.8580327960443612,0.8580327960443612,False
16,0,38,"{'clf__max_depth': 2, 'clf__learning_rate': 0.5, 'clf__n_estimators': 512, 'clf__colsample_bytree': 0.9}",0.9777634997346146,0.0,0.9777634997346146,0.9777634997346146,False
17,0,39,"{'clf__max_depth': 5, 'clf__learning_rate': 0.05, 'clf__n_estimators': 1024, 'clf__colsample_bytree': 0.3}",0.9320334106210018,0.0,0.9320334106210018,0.9320334106210018,False
18,0,40,"{'clf__max_depth': 6, 'clf__learning_rate': 0.1, 'clf__n_estimators': 1024, 'clf__colsample_bytree': 0.3}",0.9724837276866777,0.0,0.9724837276866777,0.9724837276866777,False
19,0,41,"{'clf__max_depth': 6, 'clf__learning_rate': 0.5, 'clf__n_estimators': 512, 'clf__colsample_bytree': 0.7}",0.9777634997346146,0.0,0.9777634997346146,0.9777634997346146,False
20,0,42,"{'clf__max_depth': 5, 'clf__learning_rate': 0.5, 'clf__n_estimators': 64, 'clf__colsample_bytree': 0.3}",0.9399949716456686,0.0,0.9399949716456686,0.9399949716456686,False
21,0,43,"{'clf__max_depth': 5, 'clf__learning_rate': 0.2, 'clf__n_estimators': 1024, 'clf__colsample_bytree': 0.3}",0.9724837276866777,0.0,0.9724837276866777,0.9724837276866777,False
22,0,44,"{'clf__max_depth': 5, 'clf__learning_rate': 0.2, 'clf__n_estimators': 1024, 'clf__colsample_bytree': 0.3}",0.9766460876609772,0.0,0.9766460876609772,0.9766460876609772,False
23,0,45,"{'clf__max_depth': 6, 'clf__learning_rate': 0.05, 'clf__n_estimators': 512, 'clf__colsample_bytree': 0.9}",0.9629577897589183,0.0,0.9629577897589183,0.9629577897589183,False
24,0,46,"{'clf__max_depth': 6, 'clf__learning_rate': 0.5, 'clf__n_estimators': 512, 'clf__colsample_bytree': 0.9}",0.9777634997346146,0.0,0.9777634997346146,0.9777634997346146,False
25,0,47,"{'clf__max_depth': 5, 'clf__learning_rate': 0.2, 'clf__n_estimators': 1024, 'clf__colsample_bytree': 0.3}",0.9766460876609772,0.0,0.9766460876609772,0.9766460876609772,False
26,0,48,"{'clf__max_depth': 5, 'clf__learning_rate': 0.2, 'clf__n_estimators': 1024, 'clf__colsample_bytree': 0.3}",0.9766460876609772,0.0,0.9766460876609772,0.9766460876609772,False
27,0,49,"{'clf__max_depth': 2, 'clf__learning_rate': 0.2, 'clf__n_estimators': 1024, 'clf__colsample_bytree': 0.3}",0.9766460876609772,0.0,0.9766460876609772,0.9766460876609772,False
28,0,50,"{'clf__max_depth': 5, 'clf__learning_rate': 0.5, 'clf__n_estimators': 1024, 'clf__colsample_bytree': 0.7}",0.9649411961896248,0.0,0.9649411961896248,0.9649411961896248,False
29,0,51,"{'clf__max_depth': 6, 'clf__learning_rate': 0.1, 'clf__n_estimators': 512, 'clf__colsample_bytree': 0.9}",0.9777634997346146,0.0,0.9777634997346146,0.9777634997346146,False
30,0,52,"{'clf__max_depth': 6, 'clf__learning_rate': 0.1, 'clf__n_estimators': 512, 'clf__colsample_bytree': 0.9}",0.9629577897589183,0.0,0.9629577897589183,0.9629577897589183,False
31,0,55,"{'clf__max_depth': 10, 'clf__learning_rate': 0.5, 'clf__n_estimators': 512, 'clf__colsample_bytree': 0.9}",0.9513087688912478,0.0,0.9513087688912478,0.9513087688912478,False
32,0,57,"{'clf__max_depth': 2, 'clf__learning_rate': 0.05, 'clf__n_estimators': 1024, 'clf__colsample_bytree': 0.9}",0.8990418191468559,0.0,0.8990418191468559,0.8990418191468559,False
33,0,59,"{'clf__max_depth': 5, 'clf__learning_rate': 0.5, 'clf__n_estimators': 512, 'clf__colsample_bytree': 0.9}",0.9777634997346146,0.0,0.9777634997346146,0.9777634997346146,False
34,0,60,"{'clf__max_depth': 6, 'clf__learning_rate': 0.2, 'clf__n_estimators': 1024, 'clf__colsample_bytree': 0.3}",0.9766460876609772,0.0,0.9766460876609772,0.9766460876609772,False
35,0,61,"{'clf__max_depth': 10, 'clf__learning_rate': 0.5, 'clf__n_estimators': 1024, 'clf__colsample_bytree': 0.3}",0.976254993435204,0.0,0.976254993435204,0.976254993435204,False
36,0,62,"{'clf__max_depth': 6, 'clf__learning_rate': 0.1, 'clf__n_estimators': 512, 'clf__colsample_bytree': 0.3}",0.9752213872670894,0.0,0.9752213872670894,0.9752213872670894,False
37,0,63,"{'clf__max_depth': 10, 'clf__learning_rate': 0.5, 'clf__n_estimators': 512, 'clf__colsample_bytree': 0.3}",0.976701958264659,0.0,0.976701958264659,0.976701958264659,False
38,0,64,"{'clf__max_depth': 5, 'clf__learning_rate': 0.5, 'clf__n_estimators': 1024, 'clf__colsample_bytree': 0.7}",0.976254993435204,0.0,0.976254993435204,0.976254993435204,False
39,0,65,"{'clf__max_depth': 6, 'clf__learning_rate': 0.5, 'clf__n_estimators': 512, 'clf__colsample_bytree': 0.9}",0.9777634997346146,0.0,0.9777634997346146,0.9777634997346146,False
40,0,66,"{'clf__max_depth': 5, 'clf__learning_rate': 0.5, 'clf__n_estimators': 1024, 'clf__colsample_bytree': 0.9}",0.9766460876609772,0.0,0.9766460876609772,0.9766460876609772,False
41,0,67,"{'clf__max_depth': 5, 'clf__learning_rate': 1, 'clf__n_estimators': 512, 'clf__colsample_bytree': 0.7}",0.9777634997346146,0.0,0.9777634997346146,0.9777634997346146,False
42,0,68,"{'clf__max_depth': 6, 'clf__learning_rate': 1, 'clf__n_estimators': 1024, 'clf__colsample_bytree': 0.3}",0.976701958264659,0.0,0.976701958264659,0.976701958264659,False
43,0,69,"{'clf__max_depth': 5, 'clf__learning_rate': 0.2, 'clf__n_estimators': 1024, 'clf__colsample_bytree': 0.3}",0.9766460876609772,0.0,0.9766460876609772,0.9766460876609772,False
44,0,70,"{'clf__max_depth': 5, 'clf__learning_rate': 0.2, 'clf__n_estimators': 1024, 'clf__colsample_bytree': 0.7}",0.9781545939603877,0.0,0.9781545939603877,0.9781545939603877,False
45,0,71,"{'clf__max_depth': 5, 'clf__learning_rate': 0.2, 'clf__n_estimators': 1024, 'clf__colsample_bytree': 0.3}",0.9766460876609772,0.0,0.9766460876609772,0.9766460876609772,False
46,0,72,"{'clf__max_depth': 5, 'clf__learning_rate': 1, 'clf__n_estimators': 1024, 'clf__colsample_bytree': 0.3}",0.976701958264659,0.0,0.976701958264659,0.976701958264659,False
47,0,73,"{'clf__max_depth': 5, 'clf__learning_rate': 0.5, 'clf__n_estimators': 1024, 'clf__colsample_bytree': 0.7}",0.9781545939603877,0.0,0.9781545939603877,0.9781545939603877,False
48,0,74,"{'clf__max_depth': 6, 'clf__learning_rate': 0.5, 'clf__n_estimators': 512, 'clf__colsample_bytree': 0.9}",0.9777634997346146,0.0,0.9777634997346146,0.9777634997346146,False
49,0,76,"{'clf__max_depth': 5, 'clf__learning_rate': 0.5, 'clf__n_estimators': 1024, 'clf__colsample_bytree': 0.7}",0.976757828868341,0.0,0.976757828868341,0.976757828868341,False
50,0,77,"{'clf__max_depth': 5, 'clf__learning_rate': 0.5, 'clf__n_estimators': 512, 'clf__colsample_bytree': 0.7}",0.9781545939603877,0.0,0.9781545939603877,0.9781545939603877,False
51,0,78,"{'clf__max_depth': 6, 'clf__learning_rate': 0.5, 'clf__n_estimators': 512, 'clf__colsample_bytree': 0.9}",0.9777634997346146,0.0,0.9777634997346146,0.9777634997346146,False
52,0,79,"{'clf__max_depth': 5, 'clf__learning_rate': 0.5, 'clf__n_estimators': 512, 'clf__colsample_bytree': 0.9}",0.9778193703382965,0.0,0.9778193703382965,0.9778193703382965,False
53,0,80,"{'clf__max_depth': 5, 'clf__learning_rate': 0.5, 'clf__n_estimators': 1024, 'clf__colsample_bytree': 0.7}",0.9781545939603877,0.0,0.9781545939603877,0.9781545939603877,False
54,0,81,"{'clf__max_depth': 5, 'clf__learning_rate': 0.5, 'clf__n_estimators': 1024, 'clf__colsample_bytree': 0.7}",0.9781545939603877,0.0,0.9781545939603877,0.9781545939603877,False
55,0,82,"{'clf__max_depth': 5, 'clf__learning_rate': 0.2, 'clf__n_estimators': 1024, 'clf__colsample_bytree': 0.3}",0.9766460876609772,0.0,0.9766460876609772,0.9766460876609772,False
56,0,83,"{'clf__max_depth': 5, 'clf__learning_rate': 0.2, 'clf__n_estimators': 1024, 'clf__colsample_bytree': 0.3}",0.9766460876609772,0.0,0.9766460876609772,0.9766460876609772,False
57,0,84,"{'clf__max_depth': 5, 'clf__learning_rate': 0.5, 'clf__n_estimators': 1024, 'clf__colsample_bytree': 0.7}",0.9781545939603877,0.0,0.9781545939603877,0.9781545939603877,False
58,0,85,"{'clf__max_depth': 5, 'clf__learning_rate': 0.5, 'clf__n_estimators': 1024, 'clf__colsample_bytree': 0.7}",0.9781545939603877,0.0,0.9781545939603877,0.9781545939603877,False
59,0,86,"{'clf__max_depth': 5, 'clf__learning_rate': 0.5, 'clf__n_estimators': 1024, 'clf__colsample_bytree': 0.7}",0.9781545939603877,0.0,0.9781545939603877,0.9781545939603877,False
60,0,89,"{'clf__max_depth': 5, 'clf__learning_rate': 0.2, 'clf__n_estimators': 1024, 'clf__colsample_bytree': 0.9}",0.9766460876609772,0.0,0.9766460876609772,0.9766460876609772,False
61,0,91,"{'clf__max_depth': 5, 'clf__learning_rate': 0.5, 'clf__n_estimators': 1024, 'clf__colsample_bytree': 0.7}",0.9781545939603877,0.0,0.9781545939603877,0.9781545939603877,False
62,0,92,"{'clf__max_depth': 5, 'clf__learning_rate': 0.5, 'clf__n_estimators': 1024, 'clf__colsample_bytree': 0.7}",0.9781545939603877,0.0,0.9781545939603877,0.9781545939603877,False
63,0,93,"{'clf__max_depth': 5, 'clf__learning_rate': 0.5, 'clf__n_estimators': 1024, 'clf__colsample_bytree': 0.7}",0.9781545939603877,0.0,0.9781545939603877,0.9781545939603877,False
64,0,94,"{'clf__max_depth': 5, 'clf__learning_rate': 0.5, 'clf__n_estimators': 1024, 'clf__colsample_bytree': 0.7}",0.9781545939603877,0.0,0.9781545939603877,0.9781545939603877,False
65,0,95,"{'clf__max_depth': 5, 'clf__learning_rate': 0.5, 'clf__n_estimators': 1024, 'clf__colsample_bytree': 0.7}",0.9781545939603877,0.0,0.9781545939603877,0.9781545939603877,False
66,0,96,"{'clf__max_depth': 5, 'clf__learning_rate': 0.5, 'clf__n_estimators': 1024, 'clf__colsample_bytree': 0.7}",0.9781545939603877,0.0,0.9781545939603877,0.9781545939603877,False
67,0,97,"{'clf__max_depth': 5, 'clf__learning_rate': 0.5, 'clf__n_estimators': 1024, 'clf__colsample_bytree': 0.7}",0.9781545939603877,0.0,0.9781545939603877,0.9781545939603877,False
68,0,98,"{'clf__max_depth': 5, 'clf__learning_rate': 0.5, 'clf__n_estimators': 1024, 'clf__colsample_bytree': 0.7}",0.9781545939603877,0.0,0.9781545939603877,0.9781545939603877,False
69,0,99,"{'clf__max_depth': 5, 'clf__learning_rate': 0.5, 'clf__n_estimators': 1024, 'clf__colsample_bytree': 0.7}",0.9781545939603877,0.0,0.9781545939603877,0.9781545939603877,False
70,0,100,"{'clf__max_depth': 5, 'clf__learning_rate': 0.5, 'clf__n_estimators': 1024, 'clf__colsample_bytree': 0.7}",0.9781545939603877,0.0,0.9781545939603877,0.9781545939603877,False
71,0,101,"{'clf__max_depth': 6, 'clf__learning_rate': 0.5, 'clf__n_estimators': 512, 'clf__colsample_bytree': 0.9}",0.9777634997346146,0.0,0.9777634997346146,0.9777634997346146,False
72,0,102,"{'clf__max_depth': 5, 'clf__learning_rate': 0.5, 'clf__n_estimators': 1024, 'clf__colsample_bytree': 0.7}",0.9781545939603877,0.0,0.9781545939603877,0.9781545939603877,False
73,0,103,"{'clf__max_depth': 5, 'clf__learning_rate': 0.5, 'clf__n_estimators': 512, 'clf__colsample_bytree': 0.7}",0.9778193703382965,0.0,0.9778193703382965,0.9778193703382965,False
74,0,104,"{'clf__max_depth': 5, 'clf__learning_rate': 0.5, 'clf__n_estimators': 1024, 'clf__colsample_bytree': 0.7}",0.9781545939603877,0.0,0.9781545939603877,0.9781545939603877,False
75,0,105,"{'clf__max_depth': 5, 'clf__learning_rate': 0.5, 'clf__n_estimators': 1024, 'clf__colsample_bytree': 0.7}",0.9781545939603877,0.0,0.9781545939603877,0.9781545939603877,False
76,0,106,"{'clf__max_depth': 5, 'clf__learning_rate': 0.5, 'clf__n_estimators': 1024, 'clf__colsample_bytree': 0.7}",0.9781545939603877,0.0,0.9781545939603877,0.9781545939603877,False
77,0,109,"{'clf__max_depth': 5, 'clf__learning_rate': 0.5, 'clf__n_estimators': 1024, 'clf__colsample_bytree': 0.7}",0.9781545939603877,0.0,0.9781545939603877,0.9781545939603877,False
78,0,110,"{'clf__max_depth': 5, 'clf__learning_rate': 0.5, 'clf__n_estimators': 1024, 'clf__colsample_bytree': 0.7}",0.9781545939603877,0.0,0.9781545939603877,0.9781545939603877,False
79,0,111,"{'clf__max_depth': 5, 'clf__learning_rate': 0.5, 'clf__n_estimators': 1024, 'clf__colsample_bytree': 0.7}",0.9781545939603877,0.0,0.9781545939603877,0.9781545939603877,False
80,0,112,"{'clf__max_depth': 5, 'clf__learning_rate': 0.5, 'clf__n_estimators': 1024, 'clf__colsample_bytree': 0.7}",0.97851775288432,0.0,0.97851775288432,0.97851775288432,False
81,0,113,"{'clf__max_depth': 5, 'clf__learning_rate': 0.5, 'clf__n_estimators': 1024, 'clf__colsample_bytree': 0.7}",0.9781545939603877,0.0,0.9781545939603877,0.9781545939603877,False
82,0,114,"{'clf__max_depth': 5, 'clf__learning_rate': 0.5, 'clf__n_estimators': 1024, 'clf__colsample_bytree': 0.9}",0.97851775288432,0.0,0.97851775288432,0.97851775288432,False
83,0,115,"{'clf__max_depth': 5, 'clf__learning_rate': 0.5, 'clf__n_estimators': 1024, 'clf__colsample_bytree': 0.7}",0.9781545939603877,0.0,0.9781545939603877,0.9781545939603877,False
84,0,116,"{'clf__max_depth': 5, 'clf__learning_rate': 0.5, 'clf__n_estimators': 1024, 'clf__colsample_bytree': 0.7}",0.9781545939603877,0.0,0.9781545939603877,0.9781545939603877,False
85,0,117,"{'clf__max_depth': 5, 'clf__learning_rate': 0.5, 'clf__n_estimators': 1024, 'clf__colsample_bytree': 0.7}",0.9781545939603877,0.0,0.9781545939603877,0.9781545939603877,False
86,0,118,"{'clf__max_depth': 5, 'clf__learning_rate': 0.5, 'clf__n_estimators': 1024, 'clf__colsample_bytree': 0.7}",0.9781545939603877,0.0,0.9781545939603877,0.9781545939603877,False
87,0,119,"{'clf__max_depth': 5, 'clf__learning_rate': 0.5, 'clf__n_estimators': 1024, 'clf__colsample_bytree': 0.9}",0.97851775288432,0.0,0.97851775288432,0.97851775288432,False
88,0,120,"{'clf__max_depth': 5, 'clf__learning_rate': 0.5, 'clf__n_estimators': 1024, 'clf__colsample_bytree': 0.7}",0.9781545939603877,0.0,0.9781545939603877,0.9781545939603877,False
89,0,124,"{'clf__max_depth': 5, 'clf__learning_rate': 0.5, 'clf__n_estimators': 1024, 'clf__colsample_bytree': 0.7}",0.9781545939603877,0.0,0.9781545939603877,0.9781545939603877,False
90,0,125,"{'clf__max_depth': 5, 'clf__learning_rate': 0.5, 'clf__n_estimators': 1024, 'clf__colsample_bytree': 0.7}",0.9781545939603877,0.0,0.9781545939603877,0.9781545939603877,False
91,0,126,"{'clf__max_depth': 5, 'clf__learning_rate': 0.5, 'clf__n_estimators': 1024, 'clf__colsample_bytree': 0.9}",0.9781545939603877,0.0,0.9781545939603877,0.9781545939603877,False
92,0,127,"{'clf__max_depth': 5, 'clf__learning_rate': 0.5, 'clf__n_estimators': 1024, 'clf__colsample_bytree': 0.9}",0.97851775288432,0.0,0.97851775288432,0.97851775288432,False
93,0,128,"{'clf__max_depth': 5, 'clf__learning_rate': 0.5, 'clf__n_estimators': 1024, 'clf__colsample_bytree': 0.9}",0.9781545939603877,0.0,0.9781545939603877,0.9781545939603877,False
94,0,129,"{'clf__max_depth': 5, 'clf__learning_rate': 0.5, 'clf__n_estimators': 1024, 'clf__colsample_bytree': 0.9}",0.97851775288432,0.0,0.97851775288432,0.97851775288432,False
95,0,130,"{'clf__max_depth': 5, 'clf__learning_rate': 0.5, 'clf__n_estimators': 1024, 'clf__colsample_bytree': 0.7}",0.9781545939603877,0.0,0.9781545939603877,0.9781545939603877,False
96,0,131,"{'clf__max_depth': 5, 'clf__learning_rate': 0.5, 'clf__n_estimators': 1024, 'clf__colsample_bytree': 0.7}",0.9781545939603877,0.0,0.9781545939603877,0.9781545939603877,False
97,0,132,"{'clf__max_depth': 5, 'clf__learning_rate': 0.5, 'clf__n_estimators': 1024, 'clf__colsample_bytree': 0.9}",0.97851775288432,0.0,0.97851775288432,0.97851775288432,False
98,0,133,"{'clf__max_depth': 5, 'clf__learning_rate': 0.5, 'clf__n_estimators': 1024, 'clf__colsample_bytree': 0.9}",0.9781545939603877,0.0,0.9781545939603877,0.9781545939603877,False
99,0,134,"{'clf__max_depth': 5, 'clf__learning_rate': 0.5, 'clf__n_estimators': 1024, 'clf__colsample_bytree': 0.7}",0.9781545939603877,0.0,0.9781545939603877,0.9781545939603877,False
100,0,135,"{'clf__max_depth': 5, 'clf__learning_rate': 0.5, 'clf__n_estimators': 1024, 'clf__colsample_bytree': 0.7}",0.9781545939603877,0.0,0.9781545939603877,0.9781545939603877,False
101,0,136,"{'clf__max_depth': 5, 'clf__learning_rate': 0.5, 'clf__n_estimators': 1024, 'clf__colsample_bytree': 0.7}",0.9781545939603877,0.0,0.9781545939603877,0.9781545939603877,False
102,0,137,"{'clf__max_depth': 5, 'clf__learning_rate': 0.5, 'clf__n_estimators': 1024, 'clf__colsample_bytree': 0.7}",0.9781545939603877,0.0,0.9781545939603877,0.9781545939603877,False
103,0,140,"{'clf__max_depth': 5, 'clf__learning_rate': 0.5, 'clf__n_estimators': 1024, 'clf__colsample_bytree': 0.9}",0.97851775288432,0.0,0.97851775288432,0.97851775288432,False
104,0,141,"{'clf__max_depth': 5, 'clf__learning_rate': 0.5, 'clf__n_estimators': 1024, 'clf__colsample_bytree': 0.7}",0.9781545939603877,0.0,0.9781545939603877,0.9781545939603877,False
105,0,142,"{'clf__max_depth': 5, 'clf__learning_rate': 0.5, 'clf__n_estimators': 1024, 'clf__colsample_bytree': 0.9}",0.97851775288432,0.0,0.97851775288432,0.97851775288432,False
106,0,143,"{'clf__max_depth': 5, 'clf__learning_rate': 0.5, 'clf__n_estimators': 1024, 'clf__colsample_bytree': 0.7}",0.9781545939603877,0.0,0.9781545939603877,0.9781545939603877,False
107,0,144,"{'clf__max_depth': 5, 'clf__learning_rate': 0.5, 'clf__n_estimators': 1024, 'clf__colsample_bytree': 0.9}",0.97851775288432,0.0,0.97851775288432,0.97851775288432,False
108,0,145,"{'clf__max_depth': 5, 'clf__learning_rate': 0.5, 'clf__n_estimators': 1024, 'clf__colsample_bytree': 0.9}",0.97851775288432,0.0,0.97851775288432,0.97851775288432,False
109,0,146,"{'clf__max_depth': 4, 'clf__learning_rate': 0.5, 'clf__n_estimators': 1024, 'clf__colsample_bytree': 0.7}",0.9781545939603877,0.0,0.9781545939603877,0.9781545939603877,False
110,0,148,"{'clf__max_depth': 5, 'clf__learning_rate': 0.5, 'clf__n_estimators': 1024, 'clf__colsample_bytree': 0.7}",0.9781545939603877,0.0,0.9781545939603877,0.9781545939603877,False
111,0,149,"{'clf__max_depth': 5, 'clf__learning_rate': 0.5, 'clf__n_estimators': 1024, 'clf__colsample_bytree': 0.9}",0.97851775288432,0.0,0.97851775288432,0.97851775288432,False
112,0,150,"{'clf__max_depth': 5, 'clf__learning_rate': 0.5, 'clf__n_estimators': 1024, 'clf__colsample_bytree': 0.9}",0.9781825292622287,0.0,0.9781825292622287,0.9781825292622287,False
113,0,151,"{'clf__max_depth': 4, 'clf__learning_rate': 0.5, 'clf__n_estimators': 1024, 'clf__colsample_bytree': 0.9}",0.97851775288432,0.0,0.97851775288432,0.97851775288432,False
114,0,152,"{'clf__max_depth': 5, 'clf__learning_rate': 0.5, 'clf__n_estimators': 1024, 'clf__colsample_bytree': 0.9}",0.97851775288432,0.0,0.97851775288432,0.97851775288432,False
115,0,153,"{'clf__max_depth': 5, 'clf__learning_rate': 0.5, 'clf__n_estimators': 1024, 'clf__colsample_bytree': 0.9}",0.97851775288432,0.0,0.97851775288432,0.97851775288432,False
116,0,154,"{'clf__max_depth': 5, 'clf__learning_rate': 0.5, 'clf__n_estimators': 1024, 'clf__colsample_bytree': 0.9}",0.97851775288432,0.0,0.97851775288432,0.97851775288432,False
117,0,155,"{'clf__max_depth': 5, 'clf__learning_rate': 0.5, 'clf__n_estimators': 1024, 'clf__colsample_bytree': 0.9}",0.97851775288432,0.0,0.97851775288432,0.97851775288432,False
118,0,156,"{'clf__max_depth': 5, 'clf__learning_rate': 0.5, 'clf__n_estimators': 1024, 'clf__colsample_bytree': 0.9}",0.97851775288432,0.0,0.97851775288432,0.97851775288432,False
119,0,157,"{'clf__max_depth': 5, 'clf__learning_rate': 0.5, 'clf__n_estimators': 1024, 'clf__colsample_bytree': 0.9}",0.97851775288432,0.0,0.97851775288432,0.97851775288432,False
120,0,158,"{'clf__max_depth': 5, 'clf__learning_rate': 0.5, 'clf__n_estimators': 1024, 'clf__colsample_bytree': 0.9}",0.97851775288432,0.0,0.97851775288432,0.97851775288432,False
121,0,159,"{'clf__max_depth': 5, 'clf__learning_rate': 0.5, 'clf__n_estimators': 1024, 'clf__colsample_bytree': 0.9}",0.97851775288432,0.0,0.97851775288432,0.97851775288432,False
122,0,160,"{'clf__max_depth': 5, 'clf__learning_rate': 0.5, 'clf__n_estimators': 1024, 'clf__colsample_bytree': 0.9}",0.97851775288432,0.0,0.97851775288432,0.97851775288432,False
123,0,161,"{'clf__max_depth': 5, 'clf__learning_rate': 0.5, 'clf__n_estimators': 1024, 'clf__colsample_bytree': 0.9}",0.97851775288432,0.0,0.97851775288432,0.97851775288432,False
124,0,163,"{'clf__max_depth': 5, 'clf__learning_rate': 0.5, 'clf__n_estimators': 1024, 'clf__colsample_bytree': 0.9}",0.97851775288432,0.0,0.97851775288432,0.97851775288432,False
125,0,165,"{'clf__max_depth': 5, 'clf__learning_rate': 0.5, 'clf__n_estimators': 1024, 'clf__colsample_bytree': 0.7}",0.9781545939603877,0.0,0.9781545939603877,0.9781545939603877,False
126,0,166,"{'clf__max_depth': 5, 'clf__learning_rate': 0.5, 'clf__n_estimators': 1024, 'clf__colsample_bytree': 0.9}",0.97851775288432,0.0,0.97851775288432,0.97851775288432,False
127,0,167,"{'clf__max_depth': 5, 'clf__learning_rate': 0.5, 'clf__n_estimators': 1024, 'clf__colsample_bytree': 0.9}",0.97851775288432,0.0,0.97851775288432,0.97851775288432,False
128,0,168,"{'clf__max_depth': 5, 'clf__learning_rate': 0.5, 'clf__n_estimators': 1024, 'clf__colsample_bytree': 0.9}",0.97851775288432,0.0,0.97851775288432,0.97851775288432,False
129,0,169,"{'clf__max_depth': 5, 'clf__learning_rate': 0.5, 'clf__n_estimators': 1024, 'clf__colsample_bytree': 0.9}",0.97851775288432,0.0,0.97851775288432,0.97851775288432,False
130,0,170,"{'clf__max_depth': 5, 'clf__learning_rate': 0.5, 'clf__n_estimators': 1024, 'clf__colsample_bytree': 0.9}",0.97851775288432,0.0,0.97851775288432,0.97851775288432,False
131,0,171,"{'clf__max_depth': 5, 'clf__learning_rate': 0.5, 'clf__n_estimators': 1024, 'clf__colsample_bytree': 0.9}",0.97851775288432,0.0,0.97851775288432,0.97851775288432,False
132,0,172,"{'clf__max_depth': 5, 'clf__learning_rate': 0.5, 'clf__n_estimators': 1024, 'clf__colsample_bytree': 0.9}",0.97851775288432,0.0,0.97851775288432,0.97851775288432,False
133,0,173,"{'clf__max_depth': 5, 'clf__learning_rate': 0.5, 'clf__n_estimators': 1024, 'clf__colsample_bytree': 0.9}",0.97851775288432,0.0,0.97851775288432,0.97851775288432,False
134,0,174,"{'clf__max_depth': 5, 'clf__learning_rate': 0.5, 'clf__n_estimators': 1024, 'clf__colsample_bytree': 0.9}",0.97851775288432,0.0,0.97851775288432,0.97851775288432,False
135,0,175,"{'clf__max_depth': 5, 'clf__learning_rate': 0.5, 'clf__n_estimators': 1024, 'clf__colsample_bytree': 0.9}",0.97851775288432,0.0,0.97851775288432,0.97851775288432,False
136,0,176,"{'clf__max_depth': 5, 'clf__learning_rate': 0.5, 'clf__n_estimators': 1024, 'clf__colsample_bytree': 0.9}",0.97851775288432,0.0,0.97851775288432,0.97851775288432,False
137,0,177,"{'clf__max_depth': 5, 'clf__learning_rate': 0.5, 'clf__n_estimators': 1024, 'clf__colsample_bytree': 0.9}",0.97851775288432,0.0,0.97851775288432,0.97851775288432,False
138,0,178,"{'clf__max_depth': 5, 'clf__learning_rate': 0.5, 'clf__n_estimators': 1024, 'clf__colsample_bytree': 0.9}",0.97851775288432,0.0,0.97851775288432,0.97851775288432,False
139,0,179,"{'clf__max_depth': 5, 'clf__learning_rate': 0.5, 'clf__n_estimators': 1024, 'clf__colsample_bytree': 0.9}",0.97851775288432,0.0,0.97851775288432,0.97851775288432,False
140,0,182,"{'clf__max_depth': 10, 'clf__learning_rate': 0.5, 'clf__n_estimators': 1024, 'clf__colsample_bytree': 0.9}",0.97851775288432,0.0,0.97851775288432,0.97851775288432,False
